graph,nvertices,algorithm,t,treal,nedges,weight,maxDegree,diameter,nintersections,runningTime
Data challenge 2,2689,Greedy Theta,1.1,1.124954649,3038,4491.812646,10,0,0,47.45607168
Data challenge 2,2689,Greedy Theta,1.2,1.21906635,2970,3332.611401,7,0,0,38.59809666
Data challenge 2,2689,Greedy Theta,1.3,1.341640786,2947,3185.029687,6,0,0,32.00262302
Data challenge 2,2689,Greedy Theta,1.5,1.5,2697,2757.528024,3,0,0,33.25002533
Data challenge 2,2689,Greedy Theta,2,2,2694,2728.175248,3,0,0,70.27138226
Data challenge 2,2689,Greedy Theta,3,2.857142857,2689,2695.404918,3,0,0,66.30406764
Data challenge 2,2689,Greedy Theta,5,4.762748537,2688,2691.404918,2,0,0,32.33686081
Data challenge 2,2689,Theta,1.1,1.068286478,8286,479336.8302,118,0,0,31.64056821
Data challenge 2,2689,Theta,1.2,1.119883086,6271,177330.6203,118,0,0,26.27638799
Data challenge 2,2689,Theta,1.3,1.145561243,5470,118216.5379,118,0,0,25.76906357
Data challenge 2,2689,Theta,1.5,1.150792911,4959,91469.55031,118,0,0,25.97273814
Data challenge 2,2689,Theta,2,1.341640786,6795,1497524.777,214,0,0,26.04621419
Data challenge 2,2689,Theta,3,1.414213562,6614,1495238.293,214,0,0,26.04714418
Data challenge 2,2689,Theta,5,1.414213562,4321,70650.28615,118,0,0,26.03539755
Data challenge 2,2689,Yao,1.1,1.068286478,8282,479280.5383,118,0,0,28.52686677
Data challenge 2,2689,Yao,1.2,1.119883086,6265,177252.9358,118,0,0,28.51967687
Data challenge 2,2689,Yao,1.3,1.150792911,5463,118154.1433,118,0,0,28.40648642
Data challenge 2,2689,Yao,1.5,1.212678125,4947,91405.99513,118,0,0,27.98598856
Data challenge 2,2689,Yao,2,1.341640786,6796,1497532.769,214,0,0,28.20120757
Data challenge 2,2689,Yao,3,1.414213562,6623,1495309.339,214,0,0,28.56997775
Data challenge 2,2689,Yao,5,1.414213562,4313,70598.2676,118,0,0,27.52604214
Data challenge 4,1000,Greedy Theta,1.1,1.122875372,4040,220171.765,15,0,0,27.66736122
Data challenge 4,1000,Greedy Theta,1.2,1.245590406,2832,127200.4858,10,0,0,10.39632543
Data challenge 4,1000,Greedy Theta,1.3,1.356679114,2296,93349.8962,9,0,0,6.842301349
Data challenge 4,1000,Greedy Theta,1.5,1.645868509,1767,63398.16334,6,0,0,5.322629743
Data challenge 4,1000,Greedy Theta,2,2.109486773,1364,41265.25233,5,0,0,4.610466129
Data challenge 4,1000,Greedy Theta,3,2.999206857,1187,32356.32782,4,0,0,4.295489045
Data challenge 4,1000,Greedy Theta,5,4.985612135,1087,26912.11712,4,0,0,4.116783979
Data challenge 4,1000,Theta,1.1,1.054175426,20772,2424062.573,77,0,0,3.994178145
Data challenge 4,1000,Theta,1.2,1.125652779,12202,1066936.605,48,0,0,3.66663587
Data challenge 4,1000,Theta,1.3,1.155125077,8867,655915.0194,42,0,0,3.644082714
Data challenge 4,1000,Theta,1.5,1.285063117,6596,417288.5416,27,0,0,3.639949833
Data challenge 4,1000,Theta,2,1.457057625,5167,283662.9499,21,0,0,3.543606171
Data challenge 4,1000,Theta,3,1.747725162,3920,186457.0732,15,0,0,3.526366315
Data challenge 4,1000,Theta,5,1.868712815,3058,130239.8323,13,0,0,3.492314114
Data challenge 4,1000,Yao,1.1,1.054175426,20769,2423491.091,77,0,0,4.263353149
Data challenge 4,1000,Yao,1.2,1.125652779,12200,1067312.652,48,0,0,5.281035105
Data challenge 4,1000,Yao,1.3,1.155125077,8875,656901.6084,42,0,0,23.73229353
Data challenge 4,1000,Yao,1.5,1.285063117,6594,417084.9805,27,0,0,4.480427268
Data challenge 4,1000,Yao,2,1.457057625,5130,280094.3656,20,0,0,3.884174781
Data challenge 4,1000,Yao,3,1.534344805,3882,183458.9828,15,0,0,4.155206522
Data challenge 4,1000,Yao,5,1.666992531,3024,127454.5563,14,0,0,4.190892587
Data challenge 4,1000,WSPD,1.1,1.04318727,329891,171955310.3,927,0,0,25.3839746
Data challenge 4,1000,WSPD,1.2,1.085062971,240324,112677546.2,845,0,0,15.96416319
Data challenge 4,1000,WSPD,1.3,1.144245943,187961,81241498.22,768,0,0,12.47025736
Data challenge 4,1000,WSPD,1.5,1.191483533,133659,52083807.75,665,0,0,8.995708676
Data challenge 4,1000,WSPD,2,1.424082483,81355,26277696.58,504,0,0,12.59900599
Data challenge 4,1000,WSPD,3,1.634624469,52925,14899678.56,403,0,0,4.142936335
Data challenge 4,1000,WSPD,5,1.634624469,37986,9444593.482,319,0,0,3.829674159
Our data challenge,430,Greedy Theta,1.1,1.12590479,1674,30199910.87,17,0,0,11.99252686
Our data challenge,430,Greedy Theta,1.2,1.227304406,1105,15203685.57,12,0,0,4.625190759
Our data challenge,430,Greedy Theta,1.3,1.361304877,873,10055416.6,8,0,0,2.764232485
Our data challenge,430,Greedy Theta,1.5,1.543952151,681,6255106.952,7,0,0,1.909116733
Our data challenge,430,Greedy Theta,2,2.090031709,540,4104915.478,4,0,0,1.39011091
Our data challenge,430,Greedy Theta,3,2.967714467,479,3055325.839,4,0,0,1.182054649
Our data challenge,430,Greedy Theta,5,4.858037393,455,2681854.003,4,0,0,1.115843454
Our data challenge,430,Theta,1.1,1.053164571,8929,334689356.8,94,0,0,0.877801821
Our data challenge,430,Theta,1.2,1.101917484,5419,161048248.8,67,0,0,0.74291729
Our data challenge,430,Theta,1.3,1.144232081,3972,102532016.9,46,0,0,0.705241169
Our data challenge,430,Theta,1.5,1.270148678,2972,67092960.15,35,0,0,0.706274491
Our data challenge,430,Theta,2,1.333026277,2304,43955219.25,28,0,0,0.686777941
Our data challenge,430,Theta,3,1.462467443,1718,28555627.28,20,0,0,0.669115841
Our data challenge,430,Theta,5,1.682994303,1391,22758845.3,14,0,0,0.674888259
Our data challenge,430,Yao,1.1,1.053164571,8931,334764263.7,94,0,0,0.91934297
Our data challenge,430,Yao,1.2,1.119245327,5413,160797002.8,67,0,0,0.799410804
Our data challenge,430,Yao,1.3,1.140326196,3965,102206574.6,46,0,0,0.758689829
Our data challenge,430,Yao,1.5,1.245096477,2972,67092913.38,36,0,0,0.742818415
Our data challenge,430,Yao,2,1.333026277,2303,43939260.74,28,0,0,0.735480211
Our data challenge,430,Yao,3,1.374795951,1726,28744175.05,18,0,0,0.731700685
Our data challenge,430,Yao,5,1.682994303,1368,22037212.7,14,0,0,0.729976862
Our data challenge,430,WSPD,1.1,1.026180068,68994,7479698576,405,0,0,4.81440896
Our data challenge,430,WSPD,1.2,1.068985329,51059,5054404031,378,0,0,3.550959368
Our data challenge,430,WSPD,1.3,1.133022695,41061,3831879892,333,0,0,2.832781823
Our data challenge,430,WSPD,1.5,1.262410892,30319,2562970558,292,0,0,2.063328025
Our data challenge,430,WSPD,2,1.328554792,20233,1538586201,240,0,0,1.402084068
Our data challenge,430,WSPD,3,1.489320667,14160,948188581.7,195,0,0,1.001177581
Our data challenge,430,WSPD,5,1.677976586,10655,644917282.3,169,0,0,0.788211219
Our data challenge,430,Greedy,1.1,1.099979672,1690,30900014.3,17,0,0,543.6457304
Our data challenge,430,Greedy,1.2,1.199870392,1112,15464954.64,12,0,0,425.6078974
Our data challenge,430,Greedy,1.3,1.299864766,880,10165287.42,8,0,0,372.5829445
Our data challenge,430,Greedy,1.5,1.496952863,683,6277530.053,7,0,0,326.2338573
Our data challenge,430,Greedy,2,1.998002305,542,4145971.319,4,0,0,290.7761384
Our data challenge,430,Greedy,3,2.967714467,479,3055325.839,4,0,0,271.4963599
Our data challenge,430,Greedy,5,4.858037393,455,2681720.242,4,0,0,263.1985392
Train stations NL,402,Greedy Theta,1.1,1.143399998,1535,301.0445805,17,0,0,11.74109216
Train stations NL,402,Greedy Theta,1.2,1.253524595,1008,149.8094651,12,0,0,4.742666456
Train stations NL,402,Greedy Theta,1.3,1.362035527,799,97.02475104,8,0,0,3.004260932
Train stations NL,402,Greedy Theta,1.5,1.589161948,622,60.80727919,7,0,0,2.196771579
Train stations NL,402,Greedy Theta,2,2.09003527,498,40.22117362,4,0,0,1.811806206
Train stations NL,402,Greedy Theta,3,2.967692785,446,30.25399759,4,0,0,1.517444089
Train stations NL,402,Greedy Theta,5,6.861111475,423,26.41939208,3,0,0,1.566128124
Train stations NL,402,Theta,1.1,1.061017274,8231,3224.480721,92,0,0,1.645821126
Train stations NL,402,Theta,1.2,1.113096063,5023,1560.963057,62,0,0,1.179728662
Train stations NL,402,Theta,1.3,1.186390034,3718,1010.543496,45,0,0,1.071085231
Train stations NL,402,Theta,1.5,1.273548088,2806,682.2536123,32,0,0,1.085522557
Train stations NL,402,Theta,2,1.33298288,2163,438.6946617,28,0,0,1.012448081
Train stations NL,402,Theta,3,1.548251935,1684,309.3188673,17,0,0,1.063090969
Train stations NL,402,Theta,5,1.897091146,1329,222.5345947,15,0,0,1.031425133
Train stations NL,402,Yao,1.1,1.061017274,8228,3222.792658,92,0,0,0.91045762
Train stations NL,402,Yao,1.2,1.119265751,5022,1560.570583,62,0,0,0.784601888
Train stations NL,402,Yao,1.3,1.186390034,3712,1008.929126,45,0,0,0.729362137
Train stations NL,402,Yao,1.5,1.298231368,2798,679.1851945,32,0,0,0.708906827
Train stations NL,402,Yao,2,1.33298288,2164,438.5676285,28,0,0,0.709861535
Train stations NL,402,Yao,3,1.443645349,1681,308.5211731,19,0,0,0.672501489
Train stations NL,402,Yao,5,1.591326436,1309,216.6558825,16,0,0,0.668756813
Train stations NL,390,Greedy Theta,1.1,1.143399998,1523,301.0445805,17,0,0,10.30105926
Train stations NL,390,Greedy Theta,1.2,1.253524595,996,149.8094651,12,0,0,4.570427957
Train stations NL,390,Greedy Theta,1.3,1.362035527,787,97.02475104,8,0,0,2.677676607
Train stations NL,390,Greedy Theta,1.5,1.589161948,611,61.18033216,7,0,0,1.962417486
Train stations NL,390,Greedy Theta,2,2.09003527,487,40.3628957,4,0,0,1.42038399
Train stations NL,390,Greedy Theta,3,2.967692785,434,30.25399759,4,0,0,1.075834458
Train stations NL,390,Greedy Theta,5,6.861111475,411,26.41939208,3,0,0,0.914384242
Train stations NL,390,Theta,1.1,1.061017274,7900,3110.379424,90,0,0,0.755351593
Train stations NL,390,Theta,1.2,1.113096063,4824,1507.470053,60,0,0,0.625623539
Train stations NL,390,Theta,1.3,1.186390034,3570,975.5019469,44,0,0,0.598193916
Train stations NL,390,Theta,1.5,1.273548088,2693,657.1645264,32,0,0,0.789813475
Train stations NL,390,Theta,2,1.33298288,2078,424.7759485,28,0,0,0.616981728
Train stations NL,390,Theta,3,1.548251935,1622,301.4045561,17,0,0,0.622650814
Train stations NL,390,Theta,5,1.897091146,1273,214.7800121,15,0,0,0.623635509
Train stations NL,390,Yao,1.1,1.061017274,7897,3108.691664,90,0,0,0.815118913
Train stations NL,390,Yao,1.2,1.119265751,4823,1507.078116,60,0,0,0.710019167
Train stations NL,390,Yao,1.3,1.186390034,3564,973.8929661,44,0,0,0.68970447
Train stations NL,390,Yao,1.5,1.273548088,2687,654.3228176,32,0,0,0.70633649
Train stations NL,390,Yao,2,1.33298288,2079,424.6651118,28,0,0,0.628773751
Train stations NL,390,Yao,3,1.443645349,1620,300.7433859,19,0,0,0.63351771
Train stations NL,390,Yao,5,1.591326436,1252,208.7581525,15,0,0,0.70929179
Train stations NL,390,WSPD,1.1,1.038511411,62276,69381.73961,375,0,0,4.744921934
Train stations NL,390,WSPD,1.2,1.076116927,47523,48376.16,359,0,0,3.641720258
Train stations NL,390,WSPD,1.3,1.081736154,38628,36992.18065,326,0,0,2.648971744
Train stations NL,390,WSPD,1.5,1.18078578,28587,24879.81383,285,0,0,1.940413815
Train stations NL,390,WSPD,2,1.324571724,19128,15076.69264,228,0,0,1.369181488
Train stations NL,390,WSPD,3,1.562452305,13400,9430.870753,195,0,0,0.911459334
Train stations NL,390,WSPD,5,1.981594906,10097,6440.479678,163,0,0,0.703161154
Train stations NL,390,Greedy,1.1,1.09998178,1537,308.0444132,17,0,0,489.1021031
Train stations NL,390,Greedy,1.2,1.199854643,1008,154.5283051,12,0,0,446.0181204
Train stations NL,390,Greedy,1.3,1.29986438,795,100.6479361,8,0,0,310.4585768
Train stations NL,390,Greedy,1.5,1.496956191,612,61.43364502,7,0,0,268.7859351
Train stations NL,390,Greedy,2,1.997930145,489,40.77343915,4,0,0,237.3625751
Train stations NL,390,Greedy,3,2.967692785,434,30.25399759,4,0,0,219.0485094
Train stations NL,390,Greedy,5,4.858164153,412,26.54244251,3,0,0,225.4151064
Random 350,350,Greedy Theta,1.1,1.129732447,1437,11599.33199,14,13,1696,6.418697447
Random 350,350,Greedy Theta,1.2,1.214208824,997,6727.228414,10,18,277,2.344066911
Random 350,350,Greedy Theta,1.3,1.367468089,809,4963.643856,8,20,88,1.417438011
Random 350,350,Greedy Theta,1.5,1.56921818,621,3366.802175,7,23,8,1.020009563
Random 350,350,Greedy Theta,2,1.993840213,484,2278.836808,5,30,0,0.76989144
Random 350,350,Greedy Theta,3,3.000433747,416,1775.547616,4,35,0,0.696512236
Random 350,350,Greedy Theta,5,4.999880168,384,1519.003794,4,41,0,0.645189787
Random 350,350,Theta,1.1,1.055294476,6871,114464.7608,76,5,399647,0.57931898
Random 350,350,Theta,1.2,1.088973207,4148,52869.43797,51,7,71134,0.484347812
Random 350,350,Theta,1.3,1.158374902,3045,32873.67788,32,8,23165,0.486058668
Random 350,350,Theta,1.5,1.237618619,2289,21427.33272,24,10,8090,0.469907244
Random 350,350,Theta,2,1.498688402,1793,14886.24155,17,11,2688,0.457691762
Random 350,350,Theta,3,1.498056285,1402,10239.99154,15,14,827,0.453744474
Random 350,350,Theta,5,1.591833136,1090,7257.05153,11,17,362,0.445338504
Random 350,350,Yao,1.1,1.055294476,6870,114419.7522,76,5,399234,0.629624317
Random 350,350,Yao,1.2,1.088973207,4148,52865.30196,51,7,71080,0.538621103
Random 350,350,Yao,1.3,1.158374902,3043,32826.7733,32,8,23058,0.510092918
Random 350,350,Yao,1.5,1.237618619,2291,21461.42356,24,11,8108,0.493580034
Random 350,350,Yao,2,1.498688402,1786,14805.6472,17,11,2620,0.481692378
Random 350,350,Yao,3,1.544101707,1389,10109.49351,15,14,802,0.47277461
Random 350,350,Yao,5,1.591833136,1073,7054.828637,11,17,288,0.488081547
Random 350,350,WSPD,1.1,1.037969454,54430,2740004.728,341,3,316794852,3.72340291
Random 350,350,Greedy Theta,1.1,1.129732447,1437,11599.33199,14,0,0,6.696979459
Random 350,350,Greedy Theta,1.2,1.214208824,997,6727.228414,10,0,0,2.515858447
Random 350,350,Greedy Theta,1.3,1.367468089,809,4963.643856,8,0,0,1.586154301
Random 350,350,Greedy Theta,1.5,1.56921818,621,3366.802175,7,0,0,1.048052695
Random 350,350,Greedy Theta,2,1.993840213,484,2278.836808,5,0,0,0.814383431
Random 350,350,Greedy Theta,3,3.000433747,416,1775.547616,4,0,0,0.715063803
Random 350,350,Greedy Theta,5,4.999880168,384,1519.003794,4,0,0,0.667257483
Random 350,350,Theta,1.1,1.055294476,6871,114464.7608,76,0,0,0.620163143
Random 350,350,Theta,1.2,1.088973207,4148,52869.43797,51,0,0,0.621521455
Random 350,350,Theta,1.3,1.158374902,3045,32873.67788,32,0,0,0.544055564
Random 350,350,Theta,1.5,1.237618619,2289,21427.33272,24,0,0,0.486878842
Random 350,350,Theta,2,1.498688402,1793,14886.24155,17,0,0,0.562671562
Random 350,350,Theta,3,1.498056285,1402,10239.99154,15,0,0,0.523372924
Random 350,350,Theta,5,1.591833136,1090,7257.05153,11,0,0,0.571048761
Random 350,350,Yao,1.1,1.055294476,6870,114419.7522,76,0,0,0.718979078
Random 350,350,Yao,1.2,1.088973207,4148,52865.30196,51,0,0,0.572561057
Random 350,350,Yao,1.3,1.158374902,3043,32826.7733,32,0,0,0.62518225
Random 350,350,Yao,1.5,1.237618619,2291,21461.42356,24,0,0,0.511116514
Random 350,350,Yao,2,1.498688402,1786,14805.6472,17,0,0,0.54037856
Random 350,350,Yao,3,1.544101707,1389,10109.49351,15,0,0,0.638138076
Random 350,350,Yao,5,1.591833136,1073,7054.828637,11,0,0,0.536744105
Random 350,350,WSPD,1.1,1.041453264,54430,2739918.573,341,0,0,4.611836192
Random 350,350,WSPD,1.2,1.090485746,46546,2246014.623,329,0,0,6.295892243
Random 350,350,WSPD,1.3,1.101382913,40998,1913090.246,309,0,0,3.076681782
Random 350,350,WSPD,1.5,1.19220084,32338,1392175.109,291,0,0,2.585817155
Random 350,350,WSPD,2,1.447875274,22450,885473.3038,250,0,0,1.674121575
Random 350,350,WSPD,3,1.62307621,16172,587546.8145,204,0,0,1.209834385
Random 350,350,WSPD,5,1.62307621,12108,396194.0604,180,0,0,0.95628685
Random 350,350,Greedy,1.1,1.099975884,1438,11613.87355,14,0,0,372.9322259
Random 350,350,Greedy,1.2,1.199786835,999,6772.39245,10,0,0,288.1054596
Random 350,350,Greedy,1.3,1.298348885,814,5045.775783,8,0,0,279.754875
Random 350,350,Greedy,1.5,1.499133437,624,3407.563956,7,0,0,212.098399
Random 350,350,Greedy,2,1.993840213,484,2278.836808,5,0,0,202.1451014
Random 350,350,Greedy,3,2.999403546,417,1782.856955,4,0,0,155.3267723
Random 350,350,Greedy,5,4.999880168,384,1519.003794,4,0,0,149.4261921
Random 325,325,Greedy Theta,1.1,1.109406313,1328,11071.93312,15,0,0,5.512929082
Random 325,325,Greedy Theta,1.2,1.268585326,910,6336.078507,10,0,0,1.97480762
Random 325,325,Greedy Theta,1.3,1.36098618,739,4708.624274,9,0,0,1.262561746
Random 325,325,Greedy Theta,1.5,1.638982552,572,3204.894225,6,0,0,0.86306544
Random 325,325,Greedy Theta,2,1.999445368,444,2164.027708,5,0,0,0.703586639
Random 325,325,Greedy Theta,3,2.994738167,380,1639.572444,4,0,0,0.596297872
Random 325,325,Greedy Theta,5,4.957780072,352,1403.758142,4,0,0,0.568601207
Random 325,325,Theta,1.1,1.056672424,6246,107357.1601,63,0,0,0.51438951
Random 325,325,Theta,1.2,1.106170122,3811,50197.74532,43,0,0,0.439669013
Random 325,325,Theta,1.3,1.15841774,2811,31872.05842,35,0,0,0.42093469
Random 325,325,Theta,1.5,1.272207717,2109,20649.38462,25,0,0,0.389537923
Random 325,325,Theta,2,1.553102734,1652,14635.01664,20,0,0,0.385891311
Random 325,325,Theta,3,1.480017611,1266,9688.555622,16,0,0,0.38828497
Random 325,325,Theta,5,1.603571809,1001,6910.403656,11,0,0,0.374370788
Random 325,325,Yao,1.1,1.056672424,6245,107333.4019,63,0,0,0.53876901
Random 325,325,Yao,1.2,1.106170122,3809,50161.21307,43,0,0,0.460711898
Random 325,325,Yao,1.3,1.15841774,2813,31883.5851,35,0,0,0.449238786
Random 325,325,Yao,1.5,1.272207717,2106,20594.82116,25,0,0,0.43859679
Random 325,325,Yao,2,1.553102734,1650,14594.69207,20,0,0,0.42850063
Random 325,325,Yao,3,1.553102734,1251,9513.580072,15,0,0,0.440554833
Random 325,325,Yao,5,1.603571809,984,6733.284206,11,0,0,0.418784571
Random 325,325,WSPD,1.1,1.03866361,48459,2483595.542,320,0,0,3.289797672
Random 325,325,WSPD,1.2,1.056660112,41543,2020024.108,313,0,0,2.736290659
Random 325,325,WSPD,1.3,1.124498576,36879,1741880.031,294,0,0,2.40425769
Random 325,325,WSPD,1.5,1.169206144,29697,1301034.911,275,0,0,1.928239261
Random 325,325,WSPD,2,1.31021499,20670,830614.0894,229,0,0,1.280139559
Random 325,325,WSPD,3,1.518840641,15055,560852.7247,198,0,0,0.918823877
Random 325,325,WSPD,5,1.611298364,11422,386390.0426,177,0,0,0.741738898
Random 325,325,Greedy,1.1,1.099928944,1330,11107.30844,15,0,0,241.4384319
Random 325,325,Greedy,1.2,1.199550631,918,6460.701945,10,0,0,195.5709009
Random 325,325,Greedy,1.3,1.298910869,740,4721.501201,9,0,0,172.0006378
Random 325,325,Greedy,1.5,1.499480728,574,3236.241137,6,0,0,150.8309782
Random 325,325,Greedy,2,1.999445368,444,2164.027708,5,0,0,131.7987138
Random 325,325,Greedy,3,2.994738167,380,1639.572444,4,0,0,122.9862487
Random 325,325,Greedy,5,4.957780072,352,1403.758142,4,0,0,118.0654887
Random 300,300,Greedy Theta,1.1,1.099941419,1215,10729.38563,13,0,0,4.95720833
Random 300,300,Greedy Theta,1.2,1.212406325,845,6309.201713,10,0,0,1.802136747
Random 300,300,Greedy Theta,1.3,1.315869246,683,4619.668506,8,0,0,1.089656654
Random 300,300,Greedy Theta,1.5,1.577260306,531,3176.98977,6,0,0,0.763908711
Random 300,300,Greedy Theta,2,1.983993631,407,2095.837341,4,0,0,0.605014649
Random 300,300,Greedy Theta,3,2.979935713,354,1628.538884,4,0,0,0.537063422
Random 300,300,Greedy Theta,5,4.924375056,326,1391.971591,4,0,0,0.473449308
Random 300,300,Theta,1.1,1.037712428,5733,104115.2609,66,0,0,0.468812329
Random 300,300,Theta,1.2,1.115049951,3460,48112.0335,38,0,0,0.382965998
Random 300,300,Theta,1.3,1.173077289,2584,30732.63973,31,0,0,0.347369487
Random 300,300,Theta,1.5,1.191834798,1925,19663.22444,21,0,0,0.363149321
Random 300,300,Theta,2,1.40764512,1536,14212.19046,18,0,0,0.335603804
Random 300,300,Theta,3,1.58885301,1176,9413.57678,14,0,0,0.329344712
Random 300,300,Theta,5,1.854111116,908,6628.138584,10,0,0,0.330998432
Random 300,300,Yao,1.1,1.037712428,5731,104068.0083,66,0,0,0.493555315
Random 300,300,Yao,1.2,1.115049951,3462,48154.99487,38,0,0,0.391116676
Random 300,300,Yao,1.3,1.173077289,2582,30713.85447,31,0,0,0.39191983
Random 300,300,Yao,1.5,1.181720797,1925,19661.15322,22,0,0,0.373141338
Random 300,300,Yao,2,1.428104163,1528,14134.21897,18,0,0,0.366540237
Random 300,300,Yao,3,1.58885301,1172,9340.286735,13,0,0,0.355899456
Random 300,300,Yao,5,1.579031285,898,6458.531485,10,0,0,0.362013073
Random 300,300,WSPD,1.1,1.015133645,42024,2191616.986,298,0,0,2.935188855
Random 300,300,WSPD,1.2,1.065002861,35228,1730768.073,292,0,0,2.35211912
Random 300,300,WSPD,1.3,1.12301737,30822,1470583.449,277,0,0,2.078970488
Random 300,300,WSPD,1.5,1.168538907,24462,1098411.451,254,0,0,1.620831763
Random 300,300,WSPD,2,1.304264605,17201,712340.9388,214,0,0,1.113303104
Random 300,300,WSPD,3,1.462004237,12365,467250.1056,176,0,0,0.789083667
Random 300,300,WSPD,5,1.898726098,9374,319452.9717,161,0,0,0.61121782
Random 300,300,Greedy,1.1,1.099941419,1215,10729.38563,13,0,0,186.4570908
Random 300,300,Greedy,1.2,1.19994338,847,6345.32161,10,0,0,149.5736969
Random 300,300,Greedy,1.3,1.299426312,686,4666.29753,8,0,0,134.0978004
Random 300,300,Greedy,1.5,1.496426267,533,3212.862211,6,0,0,116.6651884
Random 300,300,Greedy,2,1.983993631,407,2095.837341,4,0,0,101.9558253
Random 300,300,Greedy,3,2.979935713,354,1628.071979,4,0,0,95.16459192
Random 300,300,Greedy,5,4.924375056,326,1391.971591,4,0,0,92.2558484
Random 275,275,Greedy Theta,1.1,1.12615144,1138,10567.60973,14,0,0,4.777805468
Random 275,275,Greedy Theta,1.2,1.207143752,793,6228.759625,11,0,0,1.777258821
Random 275,275,Greedy Theta,1.3,1.349367535,634,4464.795933,9,0,0,1.044712838
Random 275,275,Greedy Theta,1.5,1.692510006,486,3010.397779,6,0,0,0.714382621
Random 275,275,Greedy Theta,2,1.988439388,372,1967.642221,4,0,0,0.544918692
Random 275,275,Greedy Theta,3,2.989064166,325,1529.698713,4,0,0,0.464606102
Random 275,275,Greedy Theta,5,4.901707795,303,1351.771765,4,0,0,0.427395179
Random 275,275,Theta,1.1,1.077177317,5275,98216.76319,66,0,0,0.388569437
Random 275,275,Theta,1.2,1.076785512,3233,46955.13357,38,0,0,0.314575913
Random 275,275,Theta,1.3,1.15761766,2392,29726.30701,31,0,0,0.3022417
Random 275,275,Theta,1.5,1.284183384,1796,19334.91064,22,0,0,0.288558496
Random 275,275,Theta,2,1.390163482,1410,13421.49588,19,0,0,0.283390267
Random 275,275,Theta,3,1.536902505,1070,8913.12269,17,0,0,0.279313712
Random 275,275,Theta,5,1.885455085,841,6425.78129,11,0,0,0.277497903
Random 275,275,Yao,1.1,1.077177317,5275,98236.47565,66,0,0,0.412493466
Random 275,275,Yao,1.2,1.076785512,3233,46972.49431,38,0,0,0.34759155
Random 275,275,Yao,1.3,1.132853241,2391,29717.83035,31,0,0,0.341313007
Random 275,275,Yao,1.5,1.284183384,1792,19282.01002,23,0,0,0.325358117
Random 275,275,Yao,2,1.399065183,1402,13315.04721,19,0,0,0.310201923
Random 275,275,Yao,3,1.760558931,1061,8780.942054,16,0,0,0.30416773
Random 275,275,Yao,5,1.701642908,829,6280.954841,11,0,0,0.308696515
Random 275,275,WSPD,1.1,1.042776293,34825,1761507.411,272,0,0,2.448156028
Random 275,275,WSPD,1.2,1.0723994,30237,1461484.207,266,0,0,2.455225163
Random 275,275,WSPD,1.3,1.114759246,26753,1252435.892,251,0,0,2.584539078
Random 275,275,WSPD,1.5,1.226528593,21323,936965.2111,228,0,0,1.695033573
Random 275,275,WSPD,2,1.303141761,15462,647950.7707,193,0,0,0.972899419
Random 275,275,WSPD,3,1.468106079,11465,448303.4426,173,0,0,0.731427159
Random 275,275,WSPD,5,1.774774746,8756,307887.1511,161,0,0,0.594111688
Random 275,275,Greedy,1.1,1.09999348,1140,10612.55411,14,0,0,177.3258557
Random 275,275,Greedy,1.2,1.199820263,793,6224.654853,11,0,0,134.5135248
Random 275,275,Greedy,1.3,1.299993459,636,4495.31886,9,0,0,125.458871
Random 275,275,Greedy,1.5,1.499000489,486,2994.687191,6,0,0,106.4596919
Random 275,275,Greedy,2,1.988439388,372,1967.642221,4,0,0,93.32786159
Random 275,275,Greedy,3,2.989064166,325,1529.698713,4,0,0,88.56384793
Random 275,275,Greedy,5,4.901707795,303,1351.771765,4,0,0,87.83402465
Random 250,250,Greedy Theta,1.1,1.099735325,1022,9835.250396,15,0,0,4.676370975
Random 250,250,Greedy Theta,1.2,1.25753369,712,5853.677812,10,0,0,1.674456696
Random 250,250,Greedy Theta,1.3,1.342560362,581,4388.901005,8,0,0,1.012071627
Random 250,250,Greedy Theta,1.5,1.590660722,443,2940.926983,6,0,0,0.673044084
Random 250,250,Greedy Theta,2,2.141013896,336,1905.529024,5,0,0,0.549031717
Random 250,250,Greedy Theta,3,2.955669457,298,1526.53356,4,0,0,0.433135179
Random 250,250,Greedy Theta,5,4.847423149,272,1295.197422,3,0,0,0.436833254
Random 250,250,Theta,1.1,1.041591065,4729,91078.02419,57,0,0,0.371645251
Random 250,250,Theta,1.2,1.101394857,2899,43222.84747,37,0,0,0.308972068
Random 250,250,Theta,1.3,1.170768766,2162,27891.44067,28,0,0,0.279043023
Random 250,250,Theta,1.5,1.283188884,1603,18040.12723,26,0,0,0.287264615
Random 250,250,Theta,2,1.363093891,1284,12820.65808,21,0,0,0.298134348
Random 250,250,Theta,3,1.482986474,946,8204.112253,13,0,0,0.274348096
Random 250,250,Theta,5,1.698037867,761,6133.017025,12,0,0,0.415961779
Random 250,250,Yao,1.1,1.041591065,4728,91036.36363,57,0,0,0.520828927
Random 250,250,Yao,1.2,1.101394857,2902,43289.14905,37,0,0,0.351843162
Random 250,250,Yao,1.3,1.170768766,2162,27895.06699,28,0,0,0.390377953
Random 250,250,Yao,1.5,1.224524324,1605,18075.9218,26,0,0,0.304125182
Random 250,250,Yao,2,1.4210031,1278,12749.81963,20,0,0,0.297276894
Random 250,250,Yao,3,1.406833266,946,8180.170104,13,0,0,0.281037536
Random 250,250,Yao,5,1.533221909,751,6023.837142,11,0,0,0.283091212
Random 250,250,WSPD,1.1,1.022641353,29366,1509390.253,246,0,0,2.627829984
Random 250,250,WSPD,1.2,1.061519536,26207,1292803.641,244,0,0,2.388835669
Random 250,250,WSPD,1.3,1.095026407,23485,1120366.575,232,0,0,2.122842891
Random 250,250,WSPD,1.5,1.185478614,19441,868330.2652,224,0,0,1.785486087
Random 250,250,WSPD,2,1.296598847,14462,604465.8642,196,0,0,1.31161575
Random 250,250,WSPD,3,1.465659046,10675,408871.5116,168,0,0,0.926001208
Random 250,250,WSPD,5,1.652255848,8123,284577.4315,150,0,0,0.723464504
Random 250,250,Greedy,1.1,1.099735325,1022,9835.250396,15,0,0,132.8374703
Random 250,250,Greedy,1.2,1.199982445,713,5864.527578,10,0,0,111.1718637
Random 250,250,Greedy,1.3,1.299967176,583,4405.709562,8,0,0,99.99265288
Random 250,250,Greedy,1.5,1.499130404,444,2960.535444,6,0,0,92.87362234
Random 250,250,Greedy,2,1.990133575,338,1943.606012,5,0,0,72.5558176
Random 250,250,Greedy,3,2.955669457,298,1526.312416,4,0,0,66.48186055
Random 250,250,Greedy,5,4.847423149,272,1295.197422,3,0,0,73.51503706
Random 225,225,Greedy Theta,1.1,1.113700424,891,8539.467982,13,0,0,3.344009774
Random 225,225,Greedy Theta,1.2,1.229152978,643,5214.15859,10,0,0,1.286399462
Random 225,225,Greedy Theta,1.3,1.316083603,518,3859.153623,8,0,0,0.759392083
Random 225,225,Greedy Theta,1.5,1.520814679,392,2535.257566,6,0,0,0.532671602
Random 225,225,Greedy Theta,2,1.999022525,313,1876.639314,5,0,0,0.415125397
Random 225,225,Greedy Theta,3,2.999238278,264,1416.513145,4,0,0,0.338581797
Random 225,225,Greedy Theta,5,5.140212977,243,1185.257407,4,0,0,0.312085
Random 225,225,Theta,1.1,1.065721874,4115,82411.05287,60,0,0,0.283415391
Random 225,225,Theta,1.2,1.108847189,2536,39248.36269,40,0,0,0.225614219
Random 225,225,Theta,1.3,1.1426779,1881,24737.14867,29,0,0,0.208183502
Random 225,225,Theta,1.5,1.227464876,1409,16092.91493,22,0,0,0.198753936
Random 225,225,Theta,2,1.314669501,1108,11331.14649,18,0,0,0.234910061
Random 225,225,Theta,3,1.442836161,859,7649.284232,15,0,0,0.19231614
Random 225,225,Theta,5,1.78675685,671,5392.078586,10,0,0,0.191768277
Random 225,225,Yao,1.1,1.065721874,4115,82411.0486,60,0,0,0.285807835
Random 225,225,Yao,1.2,1.108847189,2538,39287.19453,40,0,0,0.257521568
Random 225,225,Yao,1.3,1.1426779,1880,24715.42582,29,0,0,0.227622915
Random 225,225,Yao,1.5,1.209243624,1409,16078.0412,22,0,0,0.231226978
Random 225,225,Yao,2,1.314669501,1109,11330.72183,18,0,0,0.229732106
Random 225,225,Yao,3,1.439329277,846,7472.749792,13,0,0,0.212151051
Random 225,225,Yao,5,1.600314234,665,5313.945303,11,0,0,0.208055451
Random 225,225,WSPD,1.1,1.032177428,23978,1216465.192,222,0,0,1.661301094
Random 225,225,WSPD,1.2,1.066183677,21831,1069109.588,217,0,0,1.489001001
Random 225,225,WSPD,1.3,1.111197395,19561,926331.799,212,0,0,1.319720638
Random 225,225,WSPD,1.5,1.125605386,16255,729275.0765,204,0,0,1.155788424
Random 225,225,WSPD,2,1.311157952,12298,522291.8334,180,0,0,0.782073694
Random 225,225,WSPD,3,1.388512615,9225,356334.6481,154,0,0,0.584800853
Random 225,225,WSPD,5,1.60586819,7097,249890.1078,148,0,0,0.489519283
Random 225,225,Greedy,1.1,1.09980959,892,8572.129545,13,0,0,78.57273044
Random 225,225,Greedy,1.2,1.199532492,646,5280.336855,10,0,0,65.55088521
Random 225,225,Greedy,1.3,1.298194607,520,3906.102564,8,0,0,57.57356075
Random 225,225,Greedy,1.5,1.498925067,393,2551.779613,6,0,0,49.03742731
Random 225,225,Greedy,2,1.999022525,313,1876.639314,5,0,0,45.61859655
Random 225,225,Greedy,3,2.999238278,264,1416.513145,4,0,0,41.04895837
Random 225,225,Greedy,5,4.960377254,244,1198.236842,4,0,0,42.44862041
Random 200,200,Greedy Theta,1.1,1.116917814,795,8428.051202,14,0,0,3.002426482
Random 200,200,Greedy Theta,1.2,1.235549711,561,4977.947069,11,0,0,1.141489685
Random 200,200,Greedy Theta,1.3,1.333560621,466,3847.306085,9,0,0,0.680685396
Random 200,200,Greedy Theta,1.5,1.499783041,351,2493.175026,7,0,0,0.443929945
Random 200,200,Greedy Theta,2,1.999088503,276,1746.038812,5,0,0,0.333094251
Random 200,200,Greedy Theta,3,2.904324029,237,1337.240503,4,0,0,0.286076498
Random 200,200,Greedy Theta,5,4.894850949,218,1147.879335,4,0,0,0.272983301
Random 200,200,Theta,1.1,1.055623995,3707,78137.12994,61,0,0,0.219772102
Random 200,200,Theta,1.2,1.110444533,2291,37605.09486,47,0,0,0.175952378
Random 200,200,Theta,1.3,1.207929511,1706,24066.87107,29,0,0,0.162897272
Random 200,200,Theta,1.5,1.207929511,1287,15873.86363,23,0,0,0.160421352
Random 200,200,Theta,2,1.352742066,1003,10950.46162,19,0,0,0.153377746
Random 200,200,Theta,3,1.792555274,773,7356.972299,15,0,0,0.153233486
Random 200,200,Theta,5,1.868098198,607,5326.377216,12,0,0,0.151535597
Random 200,200,Yao,1.1,1.055623995,3706,78092.03163,61,0,0,0.23053445
Random 200,200,Yao,1.2,1.110444533,2292,37638.04287,47,0,0,0.210171531
Random 200,200,Yao,1.3,1.15733201,1703,24027.66168,29,0,0,0.183382568
Random 200,200,Yao,1.5,1.207929511,1284,15842.12804,24,0,0,0.17022494
Random 200,200,Yao,2,1.352742066,998,10871.2531,19,0,0,0.169485406
Random 200,200,Yao,3,1.792555274,765,7235.891123,15,0,0,0.167506291
Random 200,200,Yao,5,1.545133365,597,5167.368066,11,0,0,0.165080214
Random 200,200,WSPD,1.1,1.032613908,19092,945788.2832,197,0,0,1.30271176
Random 200,200,WSPD,1.2,1.079603372,17212,815934.2324,196,0,0,1.134151481
Random 200,200,WSPD,1.3,1.09433551,15357,705347.5149,191,0,0,0.9940971
Random 200,200,WSPD,1.5,1.172713382,12838,565308.4661,183,0,0,0.824142444
Random 200,200,WSPD,2,1.322248192,9833,416994.2217,167,0,0,0.609966083
Random 200,200,WSPD,3,1.440835962,7474,293309.4485,148,0,0,0.45573615
Random 200,200,WSPD,5,1.559848179,5811,210758.0306,136,0,0,0.362528518
Random 200,200,Greedy,1.1,1.099933726,797,8459.893806,14,0,0,53.52879239
Random 200,200,Greedy,1.2,1.199996226,566,5118.232521,11,0,0,44.90156052
Random 200,200,Greedy,1.3,1.297439692,468,3878.009613,9,0,0,39.91786674
Random 200,200,Greedy,1.5,1.499783041,351,2493.175026,7,0,0,34.39119894
Random 200,200,Greedy,2,1.999088503,276,1746.038812,5,0,0,30.89758608
Random 200,200,Greedy,3,2.904324029,237,1337.240503,4,0,0,28.37949728
Random 200,200,Greedy,5,4.894850949,218,1147.300551,4,0,0,27.3876589
Random 175,175,Greedy Theta,1.1,1.107975191,696,7946.064924,13,0,0,2.45883652
Random 175,175,Greedy Theta,1.2,1.199668078,495,4819.298858,10,0,0,0.957930844
Random 175,175,Greedy Theta,1.3,1.375326959,401,3495.635786,7,0,0,0.581938754
Random 175,175,Greedy Theta,1.5,1.49875331,315,2475.094634,6,0,0,0.382458252
Random 175,175,Greedy Theta,2,1.978579999,239,1645.733649,4,0,0,0.278933207
Random 175,175,Greedy Theta,3,2.983149561,206,1273.868451,4,0,0,0.218904517
Random 175,175,Greedy Theta,5,4.849079833,189,1073.985508,4,0,0,0.233603618
Random 175,175,Theta,1.1,1.05286769,3142,71749.38495,60,0,0,0.17498835
Random 175,175,Theta,1.2,1.076576334,1988,35677.52679,39,0,0,0.137207276
Random 175,175,Theta,1.3,1.147543029,1477,22915.79381,29,0,0,0.13336413
Random 175,175,Theta,1.5,1.241118394,1116,15041.4023,23,0,0,0.136665086
Random 175,175,Theta,2,1.343950238,873,10363.57804,18,0,0,0.122032442
Random 175,175,Theta,3,1.490941376,669,7080.067548,14,0,0,0.113773164
Random 175,175,Theta,5,1.778452201,519,4855.953518,11,0,0,0.116719548
Random 175,175,Yao,1.1,1.045632565,3142,71761.20772,60,0,0,0.185106797
Random 175,175,Yao,1.2,1.076576334,1985,35619.21782,39,0,0,0.149201506
Random 175,175,Yao,1.3,1.147543029,1474,22863.91235,29,0,0,0.139949023
Random 175,175,Yao,1.5,1.226643651,1114,14989.97674,23,0,0,0.13790102
Random 175,175,Yao,2,1.343950238,869,10279.64769,18,0,0,0.129653493
Random 175,175,Yao,3,1.433563517,667,7047.514638,14,0,0,0.122989582
Random 175,175,Yao,5,1.510808967,511,4729.974311,10,0,0,0.122052298
Random 175,175,WSPD,1.1,1.0272352,14485,732096.6576,174,0,0,1.029613376
Random 175,175,WSPD,1.2,1.082791757,13116,648516.5849,171,0,0,0.885165554
Random 175,175,WSPD,1.3,1.124680274,11911,572294.4917,164,0,0,0.827740835
Random 175,175,WSPD,1.5,1.175819428,9924,454396.3085,156,0,0,0.655659158
Random 175,175,WSPD,2,1.313440573,7698,336426.282,137,0,0,0.524401788
Random 175,175,WSPD,3,1.413083952,5827,234123.9449,125,0,0,0.367299627
Random 175,175,WSPD,5,1.532228885,4633,172330.8754,113,0,0,0.284963753
Random 175,175,Greedy,1.1,1.099958334,697,7975.448121,13,0,0,36.54506295
Random 175,175,Greedy,1.2,1.199668078,495,4819.298858,10,0,0,30.22807758
Random 175,175,Greedy,1.3,1.299698379,402,3515.43362,7,0,0,30.04668506
Random 175,175,Greedy,1.5,1.49875331,315,2475.094634,6,0,0,27.31631027
Random 175,175,Greedy,2,1.978579999,239,1645.733649,4,0,0,23.68863833
Random 175,175,Greedy,3,2.983149561,206,1273.868451,4,0,0,27.77360694
Random 175,175,Greedy,5,4.849079833,189,1073.985508,4,0,0,21.9320046
Random 150,150,Greedy Theta,1.1,1.099956404,588,7277.09981,13,0,0,1.947348821
Random 150,150,Greedy Theta,1.2,1.229710959,410,4163.529407,9,0,0,0.726942948
Random 150,150,Greedy Theta,1.3,1.349273757,336,3171.430825,8,0,0,0.513317692
Random 150,150,Greedy Theta,1.5,1.502670713,263,2231.353264,6,0,0,0.290110099
Random 150,150,Greedy Theta,2,1.999940971,202,1481.833962,4,0,0,0.208340729
Random 150,150,Greedy Theta,3,2.896685315,178,1202.147244,4,0,0,0.178725732
Random 150,150,Greedy Theta,5,4.966733621,161,1000.560946,3,0,0,0.158264749
Random 150,150,Theta,1.1,1.040413877,2556,63386.2207,65,0,0,0.137088546
Random 150,150,Theta,1.2,1.107917945,1606,31180.58026,39,0,0,0.123496922
Random 150,150,Theta,1.3,1.19317312,1205,19951.94748,30,0,0,0.093436179
Random 150,150,Theta,1.5,1.230701078,917,13097.64492,21,0,0,0.091077775
Random 150,150,Theta,2,1.494354205,716,9000.228382,15,0,0,0.084847859
Random 150,150,Theta,3,1.421745476,555,6085.155606,13,0,0,0.082791346
Random 150,150,Theta,5,1.686026592,431,4375.716881,10,0,0,0.098640878
Random 150,150,Yao,1.1,1.040413877,2557,63434.31123,65,0,0,0.153504176
Random 150,150,Yao,1.2,1.107917945,1607,31209.028,40,0,0,0.107409118
Random 150,150,Yao,1.3,1.158774547,1206,19958.8001,30,0,0,0.107905923
Random 150,150,Yao,1.5,1.214017818,917,13099.11903,22,0,0,0.095068827
Random 150,150,Yao,2,1.494354205,714,8947.923254,15,0,0,0.093318664
Random 150,150,Yao,3,1.563929432,547,5953.36354,12,0,0,0.122350138
Random 150,150,Yao,5,1.566427279,427,4340.051933,10,0,0,0.091431535
Random 150,150,WSPD,1.1,1.015263173,10654,557554.3874,148,0,0,0.782768653
Random 150,150,WSPD,1.2,1.040081467,9966,510047.8979,146,0,0,0.655578518
Random 150,150,WSPD,1.3,1.059944878,9265,464207.0869,145,0,0,0.630331433
Random 150,150,WSPD,1.5,1.168750406,8010,383584.8968,142,0,0,0.497187339
Random 150,150,WSPD,2,1.271893842,6354,288698.1402,133,0,0,0.391854184
Random 150,150,WSPD,3,1.448673838,4873,205111.4015,115,0,0,0.315284244
Random 150,150,WSPD,5,1.60899086,3879,152921.6314,103,0,0,0.247886553
Random 150,150,Greedy,1.1,1.099956404,588,7277.09981,13,0,0,22.25209602
Random 150,150,Greedy,1.2,1.199792994,412,4219.956343,9,0,0,18.66927266
Random 150,150,Greedy,1.3,1.299037935,336,3169.614302,8,0,0,18.10061067
Random 150,150,Greedy,1.5,1.49849841,263,2229.335121,6,0,0,14.63215089
Random 150,150,Greedy,2,1.999940971,202,1481.833962,4,0,0,12.96976298
Random 150,150,Greedy,3,2.896685315,178,1200.687112,4,0,0,12.3219437
Random 150,150,Greedy,5,4.966733621,161,1000.560946,3,0,0,12.22915426
Random 125,125,Greedy Theta,1.1,1.099998597,468,6061.959681,14,8,455,1.329866236
Random 125,125,Greedy Theta,1.2,1.197265505,333,3604.004307,10,11,68,0.546676149
Random 125,125,Greedy Theta,1.3,1.299924268,277,2766.561237,8,13,22,0.329920536
Random 125,125,Greedy Theta,1.5,1.495766369,217,1958.878673,6,16,2,0.210432496
Random 125,125,Greedy Theta,2,1.971148639,172,1379.583713,5,18,0,0.159193118
Random 125,125,Greedy Theta,3,2.804709837,150,1107.59668,4,21,0,0.128462134
Random 125,125,Greedy Theta,5,5.066951672,135,944.8094965,4,24,0,0.11481459
Random 125,125,Theta,1.1,1.029400652,2048,53778.27517,57,4,92762,0.094615787
Random 125,125,Theta,1.2,1.066006641,1312,27145.3833,37,4,19253,0.074035263
Random 125,125,Theta,1.3,1.130384552,980,17288.88395,26,5,6553,0.068168427
Random 125,125,Theta,1.5,1.251509637,742,11451.73525,21,7,2284,0.081616601
Random 125,125,Theta,2,1.28502069,581,7913.754793,15,8,672,0.061891911
Random 125,125,Theta,3,1.700184793,453,5446.40937,13,10,177,0.061503301
Random 125,125,Theta,5,1.856532971,366,4158.325271,9,10,81,0.058578393
Random 125,125,Yao,1.1,1.029400652,2049,53821.61592,57,4,92828,0.10133805
Random 125,125,Yao,1.2,1.066006641,1312,27145.10012,37,4,19256,0.097051184
Random 125,125,Yao,1.3,1.130384552,979,17263.42839,26,5,6528,0.074683621
Random 125,125,Yao,1.5,1.251509637,740,11411.25767,21,7,2265,0.068054965
Random 125,125,Yao,2,1.28502069,579,7861.291968,15,8,657,0.068777479
Random 125,125,Yao,3,1.426616375,447,5353.671492,12,10,173,0.093306913
Random 125,125,Yao,5,1.553176491,363,4081.097311,10,10,66,0.073422969
Random 125,125,WSPD,1.1,1.03403408,7469,385516.7043,123,2,6135666,0.548081061
Random 125,125,WSPD,1.2,1.075218342,7013,353800.8434,122,3,5157825,0.491775571
Random 125,125,WSPD,1.3,1.129025184,6523,323460.9576,119,3,4251488,0.443810809
Random 125,125,WSPD,1.5,1.129025184,5794,279226.4281,117,3,3125169,0.392322218
Random 125,125,WSPD,2,1.301577824,4612,208886.0205,106,3,1672126,0.332744948
Random 125,125,WSPD,3,1.387787188,3531,148885.6954,96,4,820267,0.235786155
Random 125,125,WSPD,5,1.616959972,2775,110257.7197,92,4,435517,0.185112065
Random 125,125,Greedy,1.1,1.099998597,468,6061.959681,14,8,455,12.38750248
Random 125,125,Greedy,1.2,1.197265505,333,3604.004307,10,11,68,10.39933341
Random 125,125,Greedy,1.3,1.299924268,277,2766.561237,8,13,22,9.468585808
Random 125,125,Greedy,1.5,1.495766369,217,1958.878673,6,16,2,8.435055536
Random 125,125,Greedy,2,1.971148639,172,1379.583713,5,18,0,7.533297674
Random 125,125,Greedy,3,2.971396735,150,1107.280274,4,21,0,7.09903273
Random 125,125,Greedy,5,4.241083346,135,936.1469046,4,24,0,6.737167969
Random 125,125,Greedy Theta,1.1,1.099998597,468,6061.959681,14,0,0,1.415350701
Random 125,125,Greedy Theta,1.2,1.197265505,333,3604.004307,10,0,0,0.588507438
Random 125,125,Greedy Theta,1.3,1.299924268,277,2766.561237,8,0,0,0.374431572
Random 125,125,Greedy Theta,1.5,1.495766369,217,1958.878673,6,0,0,0.263758373
Random 125,125,Greedy Theta,2,1.971148639,172,1379.583713,5,0,0,0.19359989
Random 125,125,Greedy Theta,3,2.804709837,150,1107.59668,4,0,0,0.174389023
Random 125,125,Greedy Theta,5,5.066951672,135,944.8094965,4,0,0,0.170647589
Random 125,125,Theta,1.1,1.029400652,2048,53778.27517,57,0,0,0.117712348
Random 125,125,Theta,1.2,1.066006641,1312,27145.3833,37,0,0,0.086003153
Random 125,125,Theta,1.3,1.130384552,980,17288.88395,26,0,0,0.071876634
Random 125,125,Theta,1.5,1.251509637,742,11451.73525,21,0,0,0.084881087
Random 125,125,Theta,2,1.28502069,581,7913.754793,15,0,0,0.064877197
Random 125,125,Theta,3,1.700184793,453,5446.40937,13,0,0,0.061276375
Random 125,125,Theta,5,1.856532971,366,4158.325271,9,0,0,0.06151951
Random 125,125,Yao,1.1,1.029400652,2049,53821.61592,57,0,0,0.101060877
Random 125,125,Yao,1.2,1.066006641,1312,27145.10012,37,0,0,0.084490046
Random 125,125,Yao,1.3,1.130384552,979,17263.42839,26,0,0,0.074638236
Random 125,125,Yao,1.5,1.251509637,740,11411.25767,21,0,0,0.070013008
Random 125,125,Yao,2,1.28502069,579,7861.291968,15,0,0,0.069171357
Random 125,125,Yao,3,1.426616375,447,5353.671492,12,0,0,0.066566982
Random 125,125,Yao,5,1.553176491,363,4081.097311,10,0,0,0.064518573
Random 125,125,WSPD,1.1,1.03403408,7469,385512.62,123,0,0,0.567400933
Random 125,125,WSPD,1.2,1.075218342,7013,353855.6164,122,0,0,0.550410289
Random 125,125,WSPD,1.3,1.129025184,6523,323506.0671,119,0,0,0.515519274
Random 125,125,WSPD,1.5,1.129025184,5794,279000.2542,116,0,0,0.420361298
Random 125,125,WSPD,2,1.280652499,4612,208370.3511,106,0,0,0.356378836
Random 125,125,WSPD,3,1.46926152,3531,148526.0505,94,0,0,0.268644971
Random 125,125,WSPD,5,1.631910325,2775,110405.2341,91,0,0,0.223904173
Random 125,125,Greedy,1.1,1.099998597,468,6061.959681,14,0,0,13.57015605
Random 125,125,Greedy,1.2,1.197265505,333,3604.004307,10,0,0,12.187077
Random 125,125,Greedy,1.3,1.299924268,277,2766.561237,8,0,0,11.32436734
Random 125,125,Greedy,1.5,1.495766369,217,1958.878673,6,0,0,9.77628061
Random 125,125,Greedy,2,1.971148639,172,1379.583713,5,0,0,8.68929803
Random 125,125,Greedy,3,2.971396735,150,1107.280274,4,0,0,9.300769926
Random 125,125,Greedy,5,4.241083346,135,936.1469046,4,0,0,8.838333799
Random 125,125,Greedy Theta,1.1,1.099998597,468,6061.959681,14,0,0,1.317502441
Random 125,125,Greedy Theta,1.2,1.197265505,333,3604.004307,10,0,0,0.547635314
Random 125,125,Greedy Theta,1.3,1.299924268,277,2766.561237,8,0,0,0.322558828
Random 125,125,Greedy Theta,1.5,1.495766369,217,1958.878673,6,0,0,0.222915426
Random 125,125,Greedy Theta,2,1.971148639,172,1379.583713,5,0,0,0.1581213
Random 125,125,Greedy Theta,3,2.804709837,150,1107.59668,4,0,0,0.125475632
Random 125,125,Greedy Theta,5,5.066951672,135,944.8094965,4,0,0,0.117782046
Random 125,125,Theta,1.1,1.029400652,2048,53778.27517,57,0,0,0.098051277
Random 125,125,Theta,1.2,1.066006641,1312,27145.3833,37,0,0,0.073156331
Random 125,125,Theta,1.3,1.130384552,980,17288.88395,26,0,0,0.069518229
Random 125,125,Theta,1.5,1.251509637,742,11451.73525,21,0,0,0.062660621
Random 125,125,Theta,2,1.28502069,581,7913.754793,15,0,0,0.063023702
Random 125,125,Theta,3,1.700184793,453,5446.40937,13,0,0,0.061359446
Random 125,125,Theta,5,1.856532971,366,4158.325271,9,0,0,0.077407133
Random 125,125,Yao,1.1,1.029400652,2049,53821.61592,57,0,0,0.106830053
Random 125,125,Yao,1.2,1.066006641,1312,27145.10012,37,0,0,0.081673333
Random 125,125,Yao,1.3,1.130384552,979,17263.42839,26,0,0,0.073875199
Random 125,125,Yao,1.5,1.251509637,740,11411.25767,21,0,0,0.0992864
Random 125,125,Yao,2,1.28502069,579,7861.291968,15,0,0,0.06665532
Random 125,125,Yao,3,1.426616375,447,5353.671492,12,0,0,0.065415334
Random 125,125,Yao,5,1.553176491,363,4081.097311,10,0,0,0.074109824
Random 125,125,WSPD,1.1,1.03403408,7469,385516.7043,123,0,0,0.522630958
Random 125,125,WSPD,1.2,1.075218342,7013,353800.8434,122,0,0,0.474393886
Random 125,125,WSPD,1.3,1.129025184,6523,323460.9576,119,0,0,0.434641397
Random 125,125,WSPD,1.5,1.129025184,5794,279226.4281,117,0,0,0.390033512
Random 125,125,WSPD,2,1.301577824,4612,208886.0205,106,0,0,0.302424861
Random 125,125,WSPD,3,1.387787188,3531,148885.6954,96,0,0,0.233369804
Random 125,125,WSPD,5,1.616959972,2775,110257.7197,92,0,0,0.218273178
Random 125,125,Greedy,1.1,1.099998597,468,6061.959681,14,0,0,12.55253853
Random 125,125,Greedy,1.2,1.197265505,333,3604.004307,10,0,0,11.0635278
Random 125,125,Greedy,1.3,1.299924268,277,2766.561237,8,0,0,9.436231902
Random 125,125,Greedy,1.5,1.495766369,217,1958.878673,6,0,0,8.495744336
Random 125,125,Greedy,2,1.971148639,172,1379.583713,5,0,0,7.552752485
Random 125,125,Greedy,3,2.971396735,150,1107.280274,4,0,0,6.985459342
Random 125,125,Greedy,5,4.241083346,135,936.1469046,4,0,0,6.687645121
Random 100,100,Greedy Theta,1.1,1.121242186,375,5280.191144,12,8,428,1.040077884
Random 100,100,Greedy Theta,1.2,1.199026619,276,3307.814939,9,10,92,0.420976023
Random 100,100,Greedy Theta,1.3,1.346515809,225,2430.641338,8,11,23,0.244118779
Random 100,100,Greedy Theta,1.5,1.59735126,172,1622.027687,6,13,3,0.164720375
Random 100,100,Greedy Theta,2,2.059268269,131,1094.154505,4,20,0,0.119654182
Random 100,100,Greedy Theta,3,2.971582114,118,906.1201789,4,21,0,0.088804872
Random 100,100,Greedy Theta,5,4.704291812,106,761.3241777,3,25,0,0.084644436
Random 100,100,Theta,1.1,1.06887003,1591,44337.04671,51,3,74085,0.067904626
Random 100,100,Theta,1.2,1.070030147,1011,22130.78427,32,4,15539,0.049864453
Random 100,100,Theta,1.3,1.148039945,764,14493.37384,26,5,5595,0.043668575
Random 100,100,Theta,1.5,1.315397829,573,9346.486662,20,6,1826,0.040699498
Random 100,100,Theta,2,1.349543734,471,6896.866246,15,7,746,0.040049924
Random 100,100,Theta,3,1.687059367,355,4508.64783,12,9,169,0.044236294
Random 100,100,Theta,5,1.684894513,292,3405.392512,10,10,83,0.043025079
Random 100,100,Yao,1.1,1.029408407,1593,44428.63117,51,3,74476,0.074031616
Random 100,100,Yao,1.2,1.070587167,1011,22135.65939,32,4,15512,0.053212009
Random 100,100,Yao,1.3,1.148039945,765,14523.95959,26,5,5592,0.048124825
Random 100,100,Yao,1.5,1.227028587,574,9364.47619,20,6,1821,0.051450095
Random 100,100,Yao,2,1.441641714,468,6840.367431,16,7,716,0.043565243
Random 100,100,Yao,3,1.485144469,354,4502.093066,12,9,167,0.041107153
Random 100,100,Yao,5,1.573169983,286,3286.307457,9,10,63,0.039775992
Random 100,100,WSPD,1.1,1.006379244,4852,236113.1905,99,2,2533573,0.333519331
Random 100,100,WSPD,1.2,1.081545778,4665,224075.9855,99,2,2281537,0.314947908
Random 100,100,WSPD,1.3,1.117114115,4408,207061.7484,98,2,1956438,0.2948573
Random 100,100,WSPD,1.5,1.143227596,3981,182409.3977,94,3,1514312,0.270951912
Random 100,100,WSPD,2,1.246064478,3417,150006.5968,91,3,1019064,0.2212147
Random 100,100,WSPD,3,1.423164469,2773,112869.281,86,3,565452,0.174668628
Random 100,100,WSPD,5,1.423164469,2280,88330.37753,83,4,339989,0.146313068
Random 100,100,Greedy,1.1,1.099667343,376,5308.999527,13,8,440,6.451904756
Random 100,100,Greedy,1.2,1.199026619,276,3307.814939,9,10,92,5.49686397
Random 100,100,Greedy,1.3,1.29865053,226,2473.345526,8,11,29,4.973736612
Random 100,100,Greedy,1.5,1.499001657,174,1670.565063,6,13,4,4.418319373
Random 100,100,Greedy,2,1.992423629,132,1128.54807,4,18,1,3.936612407
Random 100,100,Greedy,3,2.971582114,118,906.1201789,4,21,0,3.717855797
Random 100,100,Greedy,5,4.704291812,106,761.3241777,3,25,0,3.522160898
Random 100,100,Greedy Theta,1.1,1.121242186,375,5280.191144,12,0,0,1.136790706
Random 100,100,Greedy Theta,1.2,1.199026619,276,3307.814939,9,0,0,0.464119022
Random 100,100,Greedy Theta,1.3,1.346515809,225,2430.641338,8,0,0,0.271073479
Random 100,100,Greedy Theta,1.5,1.59735126,172,1622.027687,6,0,0,0.175487181
Random 100,100,Greedy Theta,2,2.059268269,131,1094.154505,4,0,0,0.132319057
Random 100,100,Greedy Theta,3,2.971582114,118,906.1201789,4,0,0,0.104703842
Random 100,100,Greedy Theta,5,4.704291812,106,761.3241777,3,0,0,0.08826795
Random 100,100,Theta,1.1,1.06887003,1591,44337.04671,51,0,0,0.077624738
Random 100,100,Theta,1.2,1.070030147,1011,22130.78427,32,0,0,0.057532509
Random 100,100,Theta,1.3,1.148039945,764,14493.37384,26,0,0,0.048641486
Random 100,100,Theta,1.5,1.315397829,573,9346.486662,20,0,0,0.044827516
Random 100,100,Theta,2,1.349543734,471,6896.866246,15,0,0,0.043184332
Random 100,100,Theta,3,1.687059367,355,4508.64783,12,0,0,0.040804046
Random 100,100,Theta,5,1.684894513,292,3405.392512,10,0,0,0.04205862
Random 100,100,Yao,1.1,1.029408407,1593,44428.63117,51,0,0,0.093560583
Random 100,100,Yao,1.2,1.070587167,1011,22135.65939,32,0,0,0.060670565
Random 100,100,Yao,1.3,1.148039945,765,14523.95959,26,0,0,0.055349567
Random 100,100,Yao,1.5,1.227028587,574,9364.47619,20,0,0,0.047323697
Random 100,100,Yao,2,1.441641714,468,6840.367431,16,0,0,0.044566957
Random 100,100,Yao,3,1.485144469,354,4502.093066,12,0,0,0.045677271
Random 100,100,Yao,5,1.573169983,286,3286.307457,9,0,0,0.046418426
Random 100,100,WSPD,1.1,1.011360504,4852,236126.5563,99,0,0,0.37677863
Random 100,100,WSPD,1.2,1.084284643,4665,224183.0524,99,0,0,0.347166065
Random 100,100,WSPD,1.3,1.092307507,4408,207233.534,98,0,0,0.318166604
Random 100,100,WSPD,1.5,1.143227596,3981,182526.4652,94,0,0,0.281993054
Random 100,100,WSPD,2,1.246064478,3417,150144.7639,91,0,0,0.23857977
Random 100,100,WSPD,3,1.269974725,2773,112868.664,86,0,0,0.196131325
Random 100,100,WSPD,5,1.632425582,2280,88390.9933,82,0,0,0.236106687
Random 100,100,Greedy,1.1,1.099667343,376,5308.999527,13,0,0,7.128171588
Random 100,100,Greedy,1.2,1.199026619,276,3307.814939,9,0,0,5.636630237
Random 100,100,Greedy,1.3,1.29865053,226,2473.345526,8,0,0,5.081963473
Random 100,100,Greedy,1.5,1.499001657,174,1670.565063,6,0,0,4.49705321
Random 100,100,Greedy,2,1.992423629,132,1128.54807,4,0,0,3.940342495
Random 100,100,Greedy,3,2.971582114,118,906.1201789,4,0,0,3.734868728
Random 100,100,Greedy,5,4.704291812,106,761.3241777,3,0,0,3.568260818
Random 100,100,Greedy Theta,1.1,1.121242186,375,5280.191144,12,0,0,1.056972084
Random 100,100,Greedy Theta,1.2,1.199026619,276,3307.814939,9,0,0,0.500517066
Random 100,100,Greedy Theta,1.3,1.346515809,225,2430.641338,8,0,0,0.260535625
Random 100,100,Greedy Theta,1.5,1.59735126,172,1622.027687,6,0,0,0.153170271
Random 100,100,Greedy Theta,2,2.059268269,131,1094.154505,4,0,0,0.116754398
Random 100,100,Greedy Theta,3,2.971582114,118,906.1201789,4,0,0,0.089711764
Random 100,100,Greedy Theta,5,4.704291812,106,761.3241777,3,0,0,0.078421409
Random 100,100,Theta,1.1,1.06887003,1591,44337.04671,51,0,0,0.07677782
Random 100,100,Theta,1.2,1.070030147,1011,22130.78427,32,0,0,0.051572067
Random 100,100,Theta,1.3,1.148039945,764,14493.37384,26,0,0,0.047653144
Random 100,100,Theta,1.5,1.315397829,573,9346.486662,20,0,0,0.046985335
Random 100,100,Theta,2,1.349543734,471,6896.866246,15,0,0,0.04065776
Random 100,100,Theta,3,1.687059367,355,4508.64783,12,0,0,0.070153215
Random 100,100,Theta,5,1.684894513,292,3405.392512,10,0,0,0.038206964
Random 75,75,Greedy Theta,1.1,1.099998846,286,4845.105401,12,0,0,0.67007987
Random 75,75,Greedy Theta,1.2,1.276827115,194,2830.47459,9,0,0,0.265125599
Random 75,75,Greedy Theta,1.3,1.298039337,164,2158.029536,7,0,0,0.229372672
Random 75,75,Greedy Theta,1.5,1.480320568,125,1496.04209,6,0,0,0.120709791
Random 75,75,Greedy Theta,2,1.980205863,100,1051.400938,4,0,0,0.1024046
Random 75,75,Greedy Theta,3,2.921570589,85,783.9103127,4,0,0,0.067281392
Random 75,75,Greedy Theta,5,4.981968813,79,676.2549819,3,0,0,0.058289468
Random 75,75,Theta,1.1,1.029241466,1074,33543.41227,43,0,0,0.054687836
Random 75,75,Theta,1.2,1.142872336,719,17909.37596,31,0,0,0.032453592
Random 75,75,Theta,1.3,1.128975944,556,12337.18818,27,0,0,0.029560696
Random 75,75,Theta,1.5,1.155957291,435,8412.330849,21,0,0,0.028151327
Random 75,75,Theta,2,1.260509885,352,6298.375695,15,0,0,0.027427597
Random 75,75,Theta,3,1.417113531,267,4144.641434,12,0,0,0.024388821
Random 75,75,Theta,5,1.82411148,212,3012.934754,10,0,0,0.023091293
Random 75,75,Yao,1.1,1.029241466,1074,33543.41227,43,0,0,0.059247823
Random 75,75,Yao,1.2,1.142872336,720,17934.52378,31,0,0,0.033087767
Random 75,75,Yao,1.3,1.128975944,557,12360.97881,27,0,0,0.029884471
Random 75,75,Yao,1.5,1.155957291,435,8409.220889,21,0,0,0.028856012
Random 75,75,Yao,2,1.260509885,353,6308.790026,15,0,0,0.027122463
Random 75,75,Yao,3,1.369807773,265,4112.641063,12,0,0,0.023984002
Random 75,75,Yao,5,1.580128432,209,2920.985738,9,0,0,0.024731235
Random 75,75,WSPD,1.1,1.023010751,2681,134313.4114,74,0,0,0.24709434
Random 75,75,WSPD,1.2,1.080996377,2495,122476.1301,73,0,0,0.19247985
Random 75,75,WSPD,1.3,1.096405906,2342,112984.0077,72,0,0,0.177169671
Random 75,75,WSPD,1.5,1.176502311,2100,98375.05605,68,0,0,0.152241497
Random 75,75,WSPD,2,1.285019816,1750,78336.00759,65,0,0,0.124050864
Random 75,75,WSPD,3,1.406411384,1437,61161.7505,62,0,0,0.107126272
Random 75,75,WSPD,5,1.477808736,1237,50606.99205,59,0,0,0.087365111
Random 75,75,Greedy,1.1,1.099998846,286,4845.105401,12,0,0,2.926635789
Random 75,75,Greedy,1.2,1.198625158,194,2824.770738,9,0,0,2.415677312
Random 75,75,Greedy,1.3,1.298039337,164,2158.029536,7,0,0,2.217603748
Random 75,75,Greedy,1.5,1.480320568,125,1496.04209,6,0,0,1.953893596
Random 75,75,Greedy,2,1.980205863,100,1051.400938,4,0,0,1.796332316
Random 75,75,Greedy,3,2.921570589,85,783.6842498,3,0,0,1.642136828
Random 75,75,Greedy,5,4.981968813,79,676.2549819,3,0,0,1.558519635
Train stations LUX,56,Greedy Theta,1.1,1.106634506,173,17.81137312,11,6,160,0.260188348
Train stations LUX,56,Greedy Theta,1.2,1.200406474,121,8.526299294,9,11,13,0.151693229
Train stations LUX,56,Greedy Theta,1.3,1.35548325,102,6.718677878,8,12,13,0.089885605
Train stations LUX,56,Greedy Theta,1.5,1.493518805,81,4.334646323,5,14,0,0.070514675
Train stations LUX,56,Greedy Theta,2,1.966923427,66,3.057343415,4,19,0,0.070594504
Train stations LUX,56,Greedy Theta,3,2.692134853,59,2.37171489,4,28,0,0.049229061
Train stations LUX,56,Greedy Theta,5,4.700089945,56,2.141266319,3,33,0,0.038485758
Train stations LUX,56,Theta,1.1,1.029760183,625,111.5301387,37,3,13904,0.026325792
Train stations LUX,56,Theta,1.2,1.119850006,433,65.3890328,28,4,4096,0.017528781
Train stations LUX,56,Theta,1.3,1.182468057,337,45.39140556,22,4,1519,0.01614413
Train stations LUX,56,Theta,1.5,1.235018475,271,32.72062505,18,4,692,0.014922379
Train stations LUX,56,Theta,2,1.260070537,232,25.76673175,14,6,384,0.012868703
Train stations LUX,56,Theta,3,1.386963068,187,18.57932141,11,7,193,0.018534547
Train stations LUX,56,Theta,5,1.429443403,154,15.37478528,9,6,84,0.019375387
Train stations LUX,56,Yao,1.1,1.029760183,625,111.5301387,37,3,13904,0.029889739
Train stations LUX,56,Yao,1.2,1.079585988,434,65.71120303,28,4,4106,0.025862216
Train stations LUX,56,Yao,1.3,1.153986354,338,45.55406891,22,4,1525,0.015710946
Train stations LUX,56,Yao,1.5,1.235018475,266,31.37709172,18,5,645,0.014727061
Train stations LUX,56,Yao,2,1.255583534,232,25.65345134,13,6,367,0.013961593
Train stations LUX,56,Yao,3,1.386963068,187,18.29630104,11,6,170,0.013390632
Train stations LUX,56,Yao,5,1.429443403,153,15.03236453,9,6,76,0.014443404
Train stations LUX,56,WSPD,1.1,1.00025566,1534,433.6374418,55,2,232010,0.108679496
Train stations LUX,56,WSPD,1.2,1.018928194,1490,413.6785139,55,2,214001,0.113775595
Train stations LUX,56,WSPD,1.3,1.025441966,1411,377.3594512,55,2,184188,0.097716157
Train stations LUX,56,WSPD,1.5,1.100241736,1251,316.6857519,53,3,131305,0.083238308
Train stations LUX,56,WSPD,2,1.227552176,1000,233.4519753,48,3,72663,0.064067154
Train stations LUX,56,WSPD,3,1.261459492,781,165.0460798,43,3,38333,0.050257115
Train stations LUX,56,WSPD,5,1.550422793,632,119.7154529,40,4,21238,0.041777799
Train stations LUX,56,Greedy,1.1,1.099925984,172,17.13477936,11,6,157,1.017696949
Train stations LUX,56,Greedy,1.2,1.19621248,122,8.810375844,9,9,15,0.853562123
Train stations LUX,56,Greedy,1.3,1.296745691,104,7.136500657,8,12,15,0.816421303
Train stations LUX,56,Greedy,1.5,1.493518805,81,4.32269597,5,14,0,0.702260746
Train stations LUX,56,Greedy,2,1.966923427,66,3.057343415,4,19,0,0.666259011
Train stations LUX,56,Greedy,3,2.692134853,59,2.37171489,4,28,0,0.634095155
Train stations LUX,56,Greedy,5,4.700089945,56,2.141266319,3,33,0,0.599637324
Train stations LUX,56,Greedy Theta,1.1,1.106634506,173,17.81137312,11,0,0,0.289765659
Train stations LUX,56,Greedy Theta,1.2,1.200406474,121,8.526299294,9,0,0,0.161949858
Train stations LUX,56,Greedy Theta,1.3,1.35548325,102,6.718677878,8,0,0,0.097214084
Train stations LUX,56,Greedy Theta,1.5,1.493518805,81,4.334646323,5,0,0,0.070453486
Train stations LUX,56,Greedy Theta,2,1.966923427,66,3.057343415,4,0,0,0.056556729
Train stations LUX,56,Greedy Theta,3,2.692134853,59,2.37171489,4,0,0,0.050454864
Train stations LUX,56,Greedy Theta,5,4.700089945,56,2.141266319,3,0,0,0.041844256
Train stations LUX,56,Theta,1.1,1.029760183,625,111.5301387,37,0,0,0.052228935
Train stations LUX,56,Theta,1.2,1.119850006,433,65.3890328,28,0,0,0.018554809
Train stations LUX,56,Theta,1.3,1.182468057,337,45.39140556,22,0,0,0.016876775
Train stations LUX,56,Theta,1.5,1.235018475,271,32.72062505,18,0,0,0.031913023
Train stations LUX,56,Theta,2,1.260070537,232,25.76673175,14,0,0,0.014421117
Train stations LUX,56,Theta,3,1.386963068,187,18.57932141,11,0,0,0.01502328
Train stations LUX,56,Theta,5,1.429443403,154,15.37478528,9,0,0,0.012599634
Train stations LUX,56,Yao,1.1,1.029760183,625,111.5301387,37,0,0,0.025776308
Train stations LUX,56,Yao,1.2,1.079585988,434,65.71120303,28,0,0,0.01801586
Train stations LUX,56,Yao,1.3,1.153986354,338,45.55406891,22,0,0,0.018070161
Train stations LUX,56,Yao,1.5,1.235018475,266,31.37709172,18,0,0,0.032242875
Train stations LUX,56,Yao,2,1.255583534,232,25.65345134,13,0,0,0.014618866
Train stations LUX,56,Yao,3,1.386963068,187,18.29630104,11,0,0,0.018060435
Train stations LUX,56,Yao,5,1.429443403,153,15.03236453,9,0,0,0.014067762
Train stations LUX,56,WSPD,1.1,1.00004381,1534,433.581766,55,0,0,0.126769513
Train stations LUX,56,WSPD,1.2,1.018928194,1490,413.42038,55,0,0,0.104885788
Train stations LUX,56,WSPD,1.3,1.023448883,1411,377.1199839,55,0,0,0.103018515
Train stations LUX,56,WSPD,1.5,1.118709842,1251,315.9250226,53,0,0,0.088492039
Train stations LUX,56,WSPD,2,1.227552176,1000,232.090214,48,0,0,0.069983021
Train stations LUX,56,WSPD,3,1.227552176,781,163.8434538,42,0,0,0.058597843
Train stations LUX,56,WSPD,5,1.227552176,632,119.1494238,40,0,0,0.046778265
Train stations LUX,56,Greedy,1.1,1.099925984,172,17.13477936,11,0,0,1.089941121
Train stations LUX,56,Greedy,1.2,1.19621248,122,8.810375844,9,0,0,0.92922274
Train stations LUX,56,Greedy,1.3,1.296745691,104,7.136500657,8,0,0,0.863612492
Train stations LUX,56,Greedy,1.5,1.493518805,81,4.32269597,5,0,0,0.784671991
Train stations LUX,56,Greedy,2,1.966923427,66,3.057343415,4,0,0,0.740047897
Train stations LUX,56,Greedy,3,2.692134853,59,2.37171489,4,0,0,0.670464833
Train stations LUX,56,Greedy,5,4.700089945,56,2.141266319,3,0,0,0.650056529
Train stations LUX,56,Greedy Theta,1.1,1.106634506,173,17.81137312,11,0,0,0.271907431
Train stations LUX,56,Greedy Theta,1.2,1.200406474,121,8.526299294,9,0,0,0.1341762
Train stations LUX,56,Greedy Theta,1.3,1.35548325,102,6.718677878,8,0,0,0.106469809
Train stations LUX,56,Greedy Theta,1.5,1.493518805,81,4.334646323,5,0,0,0.067757125
Train stations LUX,56,Greedy Theta,2,1.966923427,66,3.057343415,4,0,0,0.052514213
Train stations LUX,56,Greedy Theta,3,2.692134853,59,2.37171489,4,0,0,0.041427686
Train stations LUX,56,Greedy Theta,5,4.700089945,56,2.141266319,3,0,0,0.039403996
Train stations LUX,56,Theta,1.1,1.029760183,625,111.5301387,37,0,0,0.022997281
Train stations LUX,56,Theta,1.2,1.119850006,433,65.3890328,28,0,0,0.024069909
Train stations LUX,56,Theta,1.3,1.182468057,337,45.39140556,22,0,0,0.022538972
Train stations LUX,56,Theta,1.5,1.235018475,271,32.72062505,18,0,0,0.014166231
Train stations LUX,56,Theta,2,1.260070537,232,25.76673175,14,0,0,0.013232189
Train stations LUX,56,Theta,3,1.386963068,187,18.57932141,11,0,0,0.012543308
Train stations LUX,56,Theta,5,1.429443403,154,15.37478528,9,0,0,0.012540067
Train stations LUX,56,Yao,1.1,1.029760183,625,111.5301387,37,0,0,0.024173241
Train stations LUX,56,Yao,1.2,1.079585988,434,65.71120303,28,0,0,0.033993443
Train stations LUX,56,Yao,1.3,1.153986354,338,45.55406891,22,0,0,0.023190573
Train stations LUX,56,Yao,1.5,1.235018475,266,31.37709172,18,0,0,0.01609915
Train stations LUX,56,Yao,2,1.255583534,232,25.65345134,13,0,0,0.015159841
Train stations LUX,56,Yao,3,1.386963068,187,18.29630104,11,0,0,0.013366319
Train stations LUX,56,Yao,5,1.429443403,153,15.03236453,9,0,0,0.013346057
Train stations LUX,56,WSPD,1.1,1.00025566,1534,433.6374418,55,0,0,0.117397083
Train stations LUX,56,WSPD,1.2,1.018928194,1490,413.6785139,55,0,0,0.098876313
Train stations LUX,56,WSPD,1.3,1.025441966,1411,377.3594512,55,0,0,0.093923259
Train stations LUX,56,WSPD,1.5,1.100241736,1251,316.6857519,53,0,0,0.082772706
Train stations LUX,56,WSPD,2,1.227552176,1000,233.4519753,48,0,0,0.063231987
Train stations LUX,56,WSPD,3,1.261459492,781,165.0460798,43,0,0,0.049703173
Train stations LUX,56,WSPD,5,1.550422793,632,119.7154529,40,0,0,0.04074002
Train stations LUX,56,Greedy,1.1,1.099925984,172,17.13477936,11,0,0,0.988122475
Train stations LUX,56,Greedy,1.2,1.19621248,122,8.810375844,9,0,0,0.884883924
Train stations LUX,56,Greedy,1.3,1.296745691,104,7.136500657,8,0,0,0.813339979
Train stations LUX,56,Greedy,1.5,1.493518805,81,4.32269597,5,0,0,0.720912403
Train stations LUX,56,Greedy,2,1.966923427,66,3.057343415,4,0,0,0.714554841
Train stations LUX,56,Greedy,3,2.692134853,59,2.37171489,4,0,0,0.624518492
Train stations LUX,56,Greedy,5,4.700089945,56,2.141266319,3,0,0,0.647792136
Random 50,50,Greedy Theta,1.1,1.099603532,165,3116.643493,10,0,0,0.278536898
Random 50,50,Greedy Theta,1.2,1.192745837,128,2083.723452,9,0,0,0.143241874
Random 50,50,Greedy Theta,1.3,1.295364926,102,1557.248964,7,0,0,0.112467937
Random 50,50,Greedy Theta,1.5,1.489383875,84,1193.267838,6,0,0,0.06695235
Random 50,50,Greedy Theta,2,1.998284473,65,829.1933165,4,0,0,0.049152879
Random 50,50,Greedy Theta,3,2.96466078,56,638.4749713,4,0,0,0.037887648
Random 50,50,Greedy Theta,5,4.426039768,52,549.756404,4,0,0,0.033107623
Random 50,50,Theta,1.1,1.02178442,601,21282.86677,33,0,0,0.02678329
Random 50,50,Theta,1.2,1.068953435,417,12094.34579,26,0,0,0.0206097
Random 50,50,Theta,1.3,1.085089529,337,8902.556006,20,0,0,0.015172403
Random 50,50,Theta,1.5,1.177058457,266,6219.400434,17,0,0,0.012892612
Random 50,50,Theta,2,1.27958513,220,4792.420873,16,0,0,0.014099369
Random 50,50,Theta,3,1.424415033,166,3130.615014,10,0,0,0.010140329
Random 50,50,Theta,5,1.83540002,141,2625.150422,10,0,0,0.011556182
Random 50,50,Yao,1.1,1.02178442,601,21282.86677,33,0,0,0.037304125
Random 50,50,Yao,1.2,1.068953435,416,12056.24726,26,0,0,0.016873534
Random 50,50,Yao,1.3,1.085089529,336,8857.230925,20,0,0,0.01465169
Random 50,50,Yao,1.5,1.177058457,265,6150.436965,16,0,0,0.012621111
Random 50,50,Yao,2,1.27958513,218,4745.251306,16,0,0,0.012028674
Random 50,50,Yao,3,1.424415033,167,3144.344497,10,0,0,0.013886626
Random 50,50,Yao,5,1.83540002,137,2485.93729,9,0,0,0.011722324
Random 50,50,WSPD,1.1,1.018669851,1194,61435.8226,49,0,0,0.113905267
Random 50,50,WSPD,1.2,1.054661057,1151,58623.57544,49,0,0,0.112812782
Random 50,50,WSPD,1.3,1.054661057,1114,55990.03234,49,0,0,0.120810691
Random 50,50,WSPD,1.5,1.104958804,1046,51915.3036,47,0,0,0.105623701
Random 50,50,WSPD,2,1.15902813,925,43839.11836,46,0,0,0.073596
Random 50,50,WSPD,3,1.396762504,781,35043.37533,44,0,0,0.074304737
Random 50,50,WSPD,5,1.497155224,682,29184.72949,43,0,0,0.062499747
Random 50,50,Greedy,1.1,1.099603532,165,3116.643493,10,0,0,0.886544127
Random 50,50,Greedy,1.2,1.192745837,128,2083.723452,9,0,0,0.738252349
Random 50,50,Greedy,1.3,1.295364926,102,1557.248964,7,0,0,0.654952447
Random 50,50,Greedy,1.5,1.489383875,84,1193.267838,6,0,0,0.612384866
Random 50,50,Greedy,2,1.998284473,65,829.1933165,4,0,0,0.602680558
Random 50,50,Greedy,3,2.96466078,56,638.4749713,4,0,0,0.504180292
Random 50,50,Greedy,5,4.426039768,52,549.1911874,4,0,0,0.447206182
Data challenge 5,42,Greedy Theta,1.1,1.099729611,116,14254.86562,10,0,0,0.155782346
Data challenge 5,42,Greedy Theta,1.2,1.199895746,87,9438.383462,8,0,0,0.081927813
Data challenge 5,42,Greedy Theta,1.3,1.298124456,72,6922.438819,7,0,0,0.060066376
Data challenge 5,42,Greedy Theta,1.5,1.489106945,63,5417.618459,5,0,0,0.042237324
Data challenge 5,42,Greedy Theta,2,1.819789716,50,3698.093626,4,0,0,0.049691422
Data challenge 5,42,Greedy Theta,3,2.785151709,46,3280.358977,3,0,0,0.032045126
Data challenge 5,42,Greedy Theta,5,4.927678193,41,2530.944722,3,0,0,0.038182651
Data challenge 5,42,Theta,1.1,1.029643228,456,104847.8883,30,0,0,0.014338857
Data challenge 5,42,Theta,1.2,1.043655795,336,62787.87204,25,0,0,0.010302824
Data challenge 5,42,Theta,1.3,1.135969907,265,44372.79871,21,0,0,0.009109844
Data challenge 5,42,Theta,1.5,1.163868869,221,33958.15952,17,0,0,0.008427041
Data challenge 5,42,Theta,2,1.190476893,184,25035.64599,16,0,0,0.016024994
Data challenge 5,42,Theta,3,1.291569547,142,17071.02978,12,0,0,0.007590659
Data challenge 5,42,Theta,5,1.66953921,114,13008.49229,10,0,0,0.014874158
Data challenge 5,42,Yao,1.1,1.029643228,456,104846.6355,30,0,0,0.014745702
Data challenge 5,42,Yao,1.2,1.043655795,336,62787.69485,25,0,0,0.011647358
Data challenge 5,42,Yao,1.3,1.135969907,265,44370.6863,21,0,0,0.009431997
Data challenge 5,42,Yao,1.5,1.163868869,220,33787.95376,17,0,0,0.009645956
Data challenge 5,42,Yao,2,1.269820073,183,24845.28699,16,0,0,0.021178635
Data challenge 5,42,Yao,3,1.291569547,141,16905.29629,12,0,0,0.015462138
Data challenge 5,42,Yao,5,1.665748021,113,12806.75885,10,0,0,0.019285428
Data challenge 5,42,WSPD,1.1,1.019235579,796,249066.9697,41,0,0,0.060967594
Data challenge 5,42,WSPD,1.2,1.079376529,710,219061.7327,41,0,0,0.050999891
Data challenge 5,42,WSPD,1.3,1.114684654,663,204001.1102,40,0,0,0.049146801
Data challenge 5,42,WSPD,1.5,1.187202605,599,177769.6443,37,0,0,0.041198329
Data challenge 5,42,WSPD,2,1.205365301,523,153497.0559,34,0,0,0.052038885
Data challenge 5,42,WSPD,3,1.44542058,476,136804.7699,32,0,0,0.049181245
Data challenge 5,42,WSPD,5,1.545030345,425,113164.9443,32,0,0,0.028732013
Data challenge 5,42,Greedy,1.1,1.099729611,116,14254.86562,10,0,0,0.375777726
Data challenge 5,42,Greedy,1.2,1.199895746,87,9438.383462,8,0,0,0.325409986
Data challenge 5,42,Greedy,1.3,1.298124456,72,6922.438819,7,0,0,0.295938033
Data challenge 5,42,Greedy,1.5,1.489106945,63,5417.618459,5,0,0,0.294059819
Data challenge 5,42,Greedy,2,1.819789716,50,3698.093626,4,0,0,0.26991859
Data challenge 5,42,Greedy,3,2.785151709,46,3280.358977,3,0,0,0.264092278
Data challenge 5,42,Greedy,5,4.927678193,41,2530.944722,3,0,0,0.240261451
Random 25,25,Greedy Theta,1.1,1.098753523,76,2146.829396,11,0,0,0.066285351
Random 25,25,Greedy Theta,1.2,1.190296255,56,1356.026594,9,0,0,0.035662157
Random 25,25,Greedy Theta,1.3,1.391037864,46,951.1711196,6,0,0,0.024630334
Random 25,25,Greedy Theta,1.5,1.468701954,38,727.8483743,6,0,0,0.0183137
Random 25,25,Greedy Theta,2,1.993445531,28,457.3511728,3,0,0,0.013524356
Random 25,25,Greedy Theta,3,2.213474515,26,387.7522081,3,0,0,0.011724756
Random 25,25,Greedy Theta,5,4.102935374,25,364.095828,3,0,0,0.010460861
Random 25,25,Theta,1.1,1.007842678,210,9173.096482,23,0,0,0.006129826
Random 25,25,Theta,1.2,1.08564733,167,6629.27724,22,0,0,0.004593621
Random 25,25,Theta,1.3,1.130343479,140,4931.144043,20,0,0,0.004078986
Random 25,25,Theta,1.5,1.148013049,114,3644.895655,18,0,0,0.003460614
Random 25,25,Theta,2,1.238794905,95,2766.721553,15,0,0,0.003375112
Random 25,25,Theta,3,1.31979125,79,2146.207829,11,0,0,0.00308173
Random 25,25,Theta,5,1.656865923,66,1722.260793,10,0,0,0.002844268
Random 25,25,Yao,1.1,1.007842678,210,9173.096482,23,0,0,0.005688131
Random 25,25,Yao,1.2,1.08564733,167,6629.27724,22,0,0,0.004350081
Random 25,25,Yao,1.3,1.130343479,141,4985.235128,20,0,0,0.004003209
Random 25,25,Yao,1.5,1.148013049,114,3643.538219,18,0,0,0.003640939
Random 25,25,Yao,2,1.238794905,95,2757.479576,15,0,0,0.003655122
Random 25,25,Yao,3,1.483088362,79,2133.974379,10,0,0,0.003343099
Random 25,25,Yao,5,1.656865923,66,1717.009296,8,0,0,0.003258002
Random 25,25,WSPD,1.1,1,300,15612.34953,24,0,0,0.02779554
Random 25,25,WSPD,1.2,1.022031704,290,14822.21136,24,0,0,0.036565401
Random 25,25,WSPD,1.3,1.077624342,283,14522.15003,24,0,0,0.026568927
Random 25,25,WSPD,1.5,1.126454289,274,13816.66553,24,0,0,0.035464407
Random 25,25,WSPD,2,1.247119547,247,12184.07902,23,0,0,0.033664401
Random 25,25,WSPD,3,1.247119547,204,9659.061688,23,0,0,0.034556705
Random 25,25,WSPD,5,1.40479963,184,8804.414632,23,0,0,0.019694704
Random 25,25,Greedy,1.1,1.098753523,76,2146.829396,11,0,0,0.085384375
Random 25,25,Greedy,1.2,1.190296255,56,1356.026594,9,0,0,0.079876569
Random 25,25,Greedy,1.3,1.297901743,47,996.9704698,6,0,0,0.069761769
Random 25,25,Greedy,1.5,1.468701954,38,727.8483743,6,0,0,0.075911856
Random 25,25,Greedy,2,1.993445531,28,457.3511728,3,0,0,0.081882833
Random 25,25,Greedy,3,2.213474515,26,387.7522081,3,0,0,0.05982162
Random 25,25,Greedy,5,4.102935374,25,364.095828,3,0,0,0.065827042
Data challenge 1,8,Greedy Theta,1.1,1.094427191,17,66.1588518,6,0,0,0.002505906
Data challenge 1,8,Greedy Theta,1.2,1.176696811,15,55.96081278,6,0,0,0.002610859
Data challenge 1,8,Greedy Theta,1.3,1.299867367,11,36.94427191,5,0,0,0.002182942
Data challenge 1,8,Greedy Theta,1.5,1.5,8,24,3,0,0,0.001909011
Data challenge 1,8,Greedy Theta,2,1.5,8,24,3,0,0,0.002685826
Data challenge 1,8,Greedy Theta,3,2.5,7,20,3,0,0,0.002164302
Data challenge 1,8,Greedy Theta,5,2.5,7,20,3,0,0,0.002734858
Data challenge 1,8,Theta,1.1,1.004818611,22,103.6533259,6,0,0,0.000613509
Data challenge 1,8,Theta,1.2,1.004818611,21,94.59794072,6,0,0,0.000552726
Data challenge 1,8,Theta,1.3,1.017964049,20,85.37839626,6,0,0,0.000513014
Data challenge 1,8,Theta,1.5,1.017964049,19,76.1588518,6,0,0,0.000507746
Data challenge 1,8,Theta,2,1.4,15,57.56361022,5,0,0,0.000446152
Data challenge 1,8,Theta,3,1.4,15,57.56361022,5,0,0,0.00044291
Data challenge 1,8,Theta,5,1.094427191,17,66.1588518,6,0,0,0.000451014
Data challenge 1,8,Yao,1.1,1.004818611,22,103.6533259,6,0,0,0.000654842
Data challenge 1,8,Yao,1.2,1.004818611,21,94.59794072,6,0,0,0.000525576
Data challenge 1,8,Yao,1.3,1.017964049,20,85.37839626,6,0,0,0.000499641
Data challenge 1,8,Yao,1.5,1.212678125,18,72.03574618,6,0,0,0.000490321
Data challenge 1,8,Yao,2,1.4,15,57.56361022,5,0,0,0.000442505
Data challenge 1,8,Yao,3,1.4,15,57.56361022,5,0,0,0.000770736
Data challenge 1,8,Yao,5,1.4,15,57.56361022,5,0,0,0.000449799
Data challenge 1,8,WSPD,1.1,1,28,150.708711,7,0,0,0.003341073
Data challenge 1,8,WSPD,1.2,1,28,150.708711,7,0,0,0.002807393
Data challenge 1,8,WSPD,1.3,1,28,150.708711,7,0,0,0.002845079
Data challenge 1,8,WSPD,1.5,1,28,150.708711,7,0,0,0.002770923
Data challenge 1,8,WSPD,2,1.004818611,26,132.6533259,7,0,0,0.002629094
Data challenge 1,8,WSPD,3,1.341640786,22,113.0821704,7,0,0,0.002230354
Data challenge 1,8,WSPD,5,1.48507125,19,100.9590648,6,0,0,0.001894423
Data challenge 1,8,Greedy,1.1,1.094427191,17,66.1588518,6,0,0,0.00250307
Data challenge 1,8,Greedy,1.2,1.176696811,15,55.96081278,6,0,0,0.002514821
Data challenge 1,8,Greedy,1.3,1.299867367,11,36.94427191,5,0,0,0.004047784
Data challenge 1,8,Greedy,1.5,1.5,8,24,4,0,0,0.002693525
Data challenge 1,8,Greedy,2,2,7,20,4,0,0,0.003612573
Data challenge 1,8,Greedy,3,2,7,20,4,0,0,0.002188616
Data challenge 1,8,Greedy,5,2,7,20,4,0,0,0.002072722
